<?xml version="1.0" encoding="UTF-8"?>
<!DOCTYPE mapper PUBLIC "-//mybatis.org//DTD Mapper 3.0//EN" "http://mybatis.org/dtd/mybatis-3-mapper.dtd" >
<mapper namespace="itemMapper">
<insert id="insertItem">
	INSERT INTO ITEM VALUES(#{item_code},#{item_name},#{item_price},#{item_information},#{cate_code})
</insert>

<delete id="deleteItem">
	DELETE FROM ITEM where ITEM_CODE = (#{item_code})
</delete>

<update id="updateItem">
	UPDATE ITEM SET ITEM_NAME = #{item_name}, ITEM_PRICE = #{item_price}, ITEM_INFORMATION = #{item_information}, CATE_CODE = #{cate_code} where ITEM_CODE = (#{item_code})
</update>


<select id="selectList" resultMap="itemList">
	SELECT * FROM item
</select>
<resultMap type="Item" id="itemList">
	<result column="ITEM_CODE" property="item_code" />
    <result column="ITEM_NAME" property="item_name" />
   	<result column="ITEM_PRICE" property="item_price" />
    <result column="ITEM_INFORMATION" property="item_information" />
    <result column="CATE_CODE" property="cate_code" />
</resultMap>

<select id="infoItem" resultMap="infoItems">
	SELECT * FROM item where ITEM_CODE = #{item_code}
</select>
<resultMap type="Item" id="infoItems">
	<result column="ITEM_CODE" property="item_code" />
    <result column="ITEM_NAME" property="item_name" />
   	<result column="ITEM_PRICE" property="item_price" />
    <result column="ITEM_INFORMATION" property="item_information" />
    <result column="CATE_CODE" property="cate_code" />
</resultMap>

</mapper>