<?xml version="1.0" encoding="UTF-8"?>
<!DOCTYPE mapper PUBLIC "-//mybatis.org//DTD Mapper 3.0//EN" "http://mybatis.org/dtd/mybatis-3-mapper.dtd" >
<mapper namespace="payMapper">

<insert id="insertPay">
insert into pay(pay_no,pay_method,pay_date)
values(#{pay_no},#{pay_method}, sysdate)
</insert>

<select id="selectPay" resultMap="select_re">
select * from pay order by pay_no desc
</select>
<resultMap type="Pay" id="select_re">
<result column="PAY_NO" property="pay_no"/>
<result column="PAY_METHOD" property="pay_method"/>
<result column="PAY_DATE" property="pay_date"/>
</resultMap>

<update id="updatePay">
update pay set pay_method=#{pay_method} where pay_no=#{pay_no}
</update>

<delete id="deletePay">
delete from pay where pay_no=#{pay_no}
</delete>

<select id="selectOne" resultMap="select_re">
select * from pay where pay_no=#{pay_no}
</select>
</mapper>