<?xml version="1.0" encoding="UTF-8"?>
<beans xmlns="http://www.springframework.org/schema/beans"
	xmlns:xsi="http://www.w3.org/2001/XMLSchema-instance"
	xsi:schemaLocation="http://www.springframework.org/schema/beans https://www.springframework.org/schema/beans/spring-beans.xsd">
	
	<!-- Root Context: defines shared resources visible to all other web components -->
	<bean id="dataSource" class="org.springframework.jdbc.datasource.DriverManagerDataSource">
	  <property name="driverClassName" value="oracle.jdbc.driver.OracleDriver"></property>
	  <property name="url" value="jdbc:oracle:thin:@localhost:1521:xe"></property>
	  <property name="username" value="scott"></property>
	  <property name="password" value="tiger"></property>
	</bean>
	
	<bean id="sqlSessionFactory" class="org.mybatis.spring.SqlSessionFactoryBean">
		<property name="dataSource" ref="dataSource" />
		<property name="configLocation" value="classpath:/mybatis-config.xml"/>
	</bean>

	<!-- <constructor-arg> -->
	<!-- sqlSession bean에 sqlSessionFactory 객체 주입-->
        <bean id="sqlSession" class="org.mybatis.spring.SqlSessionTemplate">
          <constructor-arg index="0" ref="sqlSessionFactory" />
        </bean>
</beans>
